"depth","SVLEN_bin","SVTYPE","Concordant_Forcecalling","Concordant_Original","Discordant_Forcecalling","Discordant_Original"
"70x","0.05-0.1 kb","DEL",4136,NA,0,NA
"70x","0.05-0.1 kb","INS",3822,NA,0,NA
"70x","0.1-1 kb","DEL",13987,NA,0,NA
"70x","0.1-1 kb","INS",12942,NA,0,NA
"70x","1-10 kb","DEL",2095,NA,0,NA
"70x","1-10 kb","INS",1885,NA,0,NA
"70x",">10 kb","DEL",60,NA,0,NA
"70x",">10 kb","INS",93,NA,0,NA
"40x","0.05-0.1 kb","DEL",4028,3948,106,69
"40x","0.05-0.1 kb","INS",3741,3650,81,61
"40x","0.1-1 kb","DEL",13596,13500,390,242
"40x","0.1-1 kb","INS",12726,12653,215,143
"40x","1-10 kb","DEL",1949,1926,145,105
"40x","1-10 kb","INS",1733,1654,150,122
"40x",">10 kb","DEL",54,53,6,3
"40x",">10 kb","INS",69,48,24,18
"25x","0.05-0.1 kb","DEL",3948,3843,174,107
"25x","0.05-0.1 kb","INS",3668,3558,146,100
"25x","0.1-1 kb","DEL",13366,13217,608,347
"25x","0.1-1 kb","INS",12514,12428,415,268
"25x","1-10 kb","DEL",1886,1848,203,111
"25x","1-10 kb","INS",1623,1524,258,187
"25x",">10 kb","DEL",45,44,15,9
"25x",">10 kb","INS",55,36,37,15
"15x","0.05-0.1 kb","DEL",3825,3682,285,120
"15x","0.05-0.1 kb","INS",3526,3396,277,155
"15x","0.1-1 kb","DEL",12880,12678,1064,467
"15x","0.1-1 kb","INS",12125,11986,780,399
"15x","1-10 kb","DEL",1793,1734,290,118
"15x","1-10 kb","INS",1519,1405,359,221
"15x",">10 kb","DEL",44,41,15,5
"15x",">10 kb","INS",53,29,36,22
"10x","0.05-0.1 kb","DEL",3618,3414,475,220
"10x","0.05-0.1 kb","INS",3333,3160,458,225
"10x","0.1-1 kb","DEL",12285,11902,1607,726
"10x","0.1-1 kb","INS",11460,11197,1420,673
"10x","1-10 kb","DEL",1700,1601,367,129
"10x","1-10 kb","INS",1425,1306,447,273
"10x",">10 kb","DEL",42,35,17,4
"10x",">10 kb","INS",49,26,40,22
"8x","0.05-0.1 kb","DEL",3474,3122,607,284
"8x","0.05-0.1 kb","INS",3226,2928,556,266
"8x","0.1-1 kb","DEL",11874,11091,1981,835
"8x","0.1-1 kb","INS",11136,10452,1721,801
"8x","1-10 kb","DEL",1598,1422,458,163
"8x","1-10 kb","INS",1361,1219,509,263
"8x",">10 kb","DEL",44,33,15,3
"8x",">10 kb","INS",49,24,39,20
"6x","0.05-0.1 kb","DEL",3219,2709,840,332
"6x","0.05-0.1 kb","INS",2999,2535,768,326
"6x","0.1-1 kb","DEL",11068,9690,2662,1035
"6x","0.1-1 kb","INS",10364,9129,2416,969
"6x","1-10 kb","DEL",1453,1206,572,171
"6x","1-10 kb","INS",1266,1075,582,267
"6x",">10 kb","DEL",38,31,21,2
"6x",">10 kb","INS",46,22,39,19
"5x","0.05-0.1 kb","DEL",3028,2422,979,347
"5x","0.05-0.1 kb","INS",2840,2259,899,351
"5x","0.1-1 kb","DEL",10662,8554,3028,1129
"5x","0.1-1 kb","INS",9755,8046,2929,1053
"5x","1-10 kb","DEL",1416,1070,589,172
"5x","1-10 kb","INS",1220,992,607,246
"5x",">10 kb","DEL",40,27,19,2
"5x",">10 kb","INS",47,19,41,16
